内容,评论时间,评论作者,性别,作者头像,是否vip
幸亏我把手机扔了，要不非得挨一口,2019-09-12 21:38:38,名字为啥自己变,男,http://wimg.spriteapp.cn/profile/large/2019/07/16/5d2da57eefe3a_mini.jpg,否
我也是🤪,2019-09-08 16:14:50,HERO107,男,http://qzapp.qlogo.cn/qzapp/100336987/B3DD9DDA22EC141946794F0319BAAB6D/100,否
爸爸们我就要几个赞 您们千万别那鸟样,2019-09-12 22:23:17,再看就叫你爸,男,http://wimg.spriteapp.cn/profile/large/2019/09/12/5d7a54fa61e9a_mini.jpg,否
长的好看，不如说看着舒服，好看有很多种，相由心生。假如一个人很阳光很正能量很真诚，你看着就会很舒服，假如一个人有城府很阴暗，你多多少少都会感觉不自在或者害怕。当然有时候往往这种人反而受欢迎。因为女人像猫，好奇心重。男人找女人就简单多了。。。,2019-09-23 16:19:49,坐觀雲起時,男,http://wimg.spriteapp.cn/profile/large/2017/09/14/59b966701c225_mini.jpg,否
没码才需捆,2019-09-16 12:49:16,沙漏的静静流淌,男,http://wimg.spriteapp.cn/profile/large/2018/10/10/5bbd7b0c64cb7_mini.jpg,否
强人锁男,2019-09-16 17:43:24,飞机萌萌哒,男,http://qzapp.qlogo.cn/qzapp/100336987/AAD28975BE1C4D15A14CEE4147EDEBFD/100,否
帽子戴好，,2019-09-12 16:50:00,百思老司机-卡卡,男,http://wimg.spriteapp.cn/profile/large/2017/03/11/58c36ef25893b_mini.jpg,否
娶回家，别的女人都是浮云,2019-09-22 19:23:35,不得姐用户,男,http://wimg.spriteapp.cn/p/jie.jpg,否
郭德纲，郭德纲,2019-09-07 15:34:00,简爱%@OK LEE,男,http://qzapp.qlogo.cn/qzapp/100336987/1CAF73BF8A582D5FB96762FA7FC03BE0/100,否
来自灵魂的畏惧,2019-09-17 21:15:30,三少爷i35,男,http://thirdwx.qlogo.cn/mmopen/vi_32/Q0j4TwGTfTJEu7lnFhOLd2NRlDelY2IVtzGnSF9ZnqD0GUZud4eCaP7lRFiamTvJveqhgUWlo5DwFQ5UnJMqsZw/132,否
怎么解决《钱少事多离家远，位低权轻责任重》？,2019-09-22 01:02:24,水中阳,男,http://wimg.spriteapp.cn/profile/large/2018/04/05/5ac635dc768d7_mini.jpg,否
小孩知道什么人是坏人？,2019-09-14 13:40:16,假装在福州,男,http://thirdwx.qlogo.cn/mmopen/vi_32/fwnTcffVbynb6RhPkuicEooV2vmj0mARw4gKeLaeNdE538K1YpB8x7Z2FcarLJPjFhF6ichXgjCeNc0Kx65qqia6A/132,否
哪个用英语把9923给我念出来，我要听语音,2019-09-19 19:14:48,成都李扯火,男,http://wimg.spriteapp.cn/profile/large/2019/07/31/5d41627a28fc3_mini.jpg,否
都是味精调味,2019-09-24 11:49:46,用户1c4OsW,男,http://thirdwx.qlogo.cn/mmopen/vi_32/DYAIOgq83epq6QQbdzWkEad5sEaYkl2HK0ibcO8beCBVbdBgo9v25dwHNKFGia2cOgDjpuJ1mIro62x4diaxc0Bpw/132,否
捶背很疼……,2019-09-11 17:02:21,王MI1,男,http://wimg.spriteapp.cn/profile/large/2016/03/26/56f68358dfea3_mini.jpg,否
我发现不会走的多数都是男生什么情况？,2019-09-22 06:14:43,80后老姐夫,女,http://wimg.spriteapp.cn/profile/large/2019/01/10/5c371bb80157d_mini.jpg,否
你们懂什么？哆啦a梦的小口袋知道去不？,2019-09-23 09:37:55,火烈鸟先生,男,http://thirdwx.qlogo.cn/mmopen/vi_32/aFZGJocOForn2IUGUPmulPlPnMgJmlG8L79cM0PeZogFRYrs3ayZypFBwoz7WzzcSWXKLspcHPSofFuoYzTAibg/132,否
"老夫的健身项目
仰卧起坐：每天凌晨仰卧下去，早上起坐
专注三十年，从未间隔",2019-09-06 01:11:06,芷茗竹潮,男,http://qzapp.qlogo.cn/qzapp/100336987/C084D0B1A17B2B541BAA1249A0B22402/100,否
