name,mp_ticket_title,mp_ticket_price
长隆欢乐世界,【当天可订】长隆欢乐世界成人票,220
长隆欢乐世界,长隆欢乐世界全票,220
长隆欢乐世界,【一票两园】广州长隆欢乐世界+水上乐园万圣节夜场票,129
世界之窗,[万圣节特惠]深圳世界之窗夜场成人票,39.9
世界之窗,深圳世界之窗成人票（刷身份证直接入园）,210
世界之窗,深圳世界之窗门票成人票当日可订（无需证件）不出来可玩夜场,212.8
长隆野生动物世界,野生动物世界平日全票,294
长隆野生动物世界,野生动物世界平日小童票,210
长隆野生动物世界,广州长隆野生动物世界家庭票（2大1小）,689
珠海长隆海洋王国,【一票通玩】长隆海洋王国万圣节夜场门票,122
珠海长隆海洋王国,海洋王国平日全票【平日】,375
珠海长隆海洋王国,海洋王国平日小童票【平日】,280
锦绣中华民俗村,锦绣中华聊斋夜场票（10.11-11.10）,59
锦绣中华民俗村,锦绣中华日夜场通玩成人票（去哪儿自营）,208
锦绣中华民俗村,锦绣中华民俗村成人票（日夜场通玩）无需等待取票快捷方便Q,208.8
长隆水上乐园,【一票两园】广州长隆欢乐世界+水上乐园万圣节夜场票,129
长隆水上乐园,广州长隆旅游度假区四大乐园年卡成人票,1780
长隆水上乐园,【系统出票速度快】广州长隆四园成长年卡1张,1238
岭南印象园,岭南印象园成人票,54
岭南印象园,岭南印象园亲子票（1大1小）,79
岭南印象园,岭南印象园儿童/老人票,30
广州塔,广州塔460米摩天轮游乐套票成人票(9:30-12:00),298
广州塔,广州塔460米摩天轮游乐套票成人票(12:00-14:00),298
广州塔,[广州塔/财富码头]广州塔433米白云星空票+珠江夜游船票,188
珠江夜游,【通票】珠江夜游8码头1楼通用票【一层】,55
珠江夜游,【大沙头码头通票】珠江夜游（穗港之星号/金舫号）一楼【一楼雅座】,55
珠江夜游,（6码头任选）珠江夜游1楼雅座通用观光船票（一楼）【一楼】,55
珠海长隆国际海洋度假区,海洋王国平日全票【平日】,375
珠海长隆国际海洋度假区,珠海长隆海洋王国万圣节夜场门票成人票(需16:00后入园)(fx),125
珠海长隆国际海洋度假区,[9.1-10.31特惠]《龙秀》一等座平日全票19:30场,285
